{
  "0": {
    "a": -29,
    "b": 82,
    "c": -86,
    "result": null
  },
  "1": {
    "a": -77,
    "b": 83,
    "c": 11,
    "result": [
      -0.1193216847793805,
      1.1972437627014585
    ]
  },
  "2": {
    "a": -94,
    "b": 91,
    "c": -74,
    "result": null
  },
  "3": {
    "a": 21,
    "b": -30,
    "c": 100,
    "result": null
  },
  "4": {
    "a": -94,
    "b": 29,
    "c": 63,
    "result": [
      -0.6788157879260764,
      0.9873264262239487
    ]
  },
  "5": {
    "a": -16,
    "b": 21,
    "c": -59,
    "result": null
  },
  "6": {
    "a": 71,
    "b": 42,
    "c": 97,
    "result": null
  },
  "7": {
    "a": -92,
    "b": 78,
    "c": 7,
    "result": [
      -0.08184304887529746,
      0.9296691358318192
    ]
  },
  "8": {
    "a": -33,
    "b": -27,
    "c": 23,
    "result": [
      -1.3387817549480268,
      0.5205999367662087
    ]
  },
  "9": {
    "a": -85,
    "b": 86,
    "c": 55,
    "result": [
      -0.44436802382629037,
      1.4561327297086433
    ]
  },
  "10": {
    "a": 95,
    "b": -55,
    "c": -84,
    "result": [
      1.2733464098037328,
      -0.6943990413826802
    ]
  },
  "11": {
    "a": -60,
    "b": 95,
    "c": -20,
    "result": [
      0.25,
      1.3333333333333333
    ]
  },
  "12": {
    "a": 35,
    "b": 79,
    "c": -67,
    "result": [
      0.6569142710838415,
      -2.9140571282266987
    ]
  },
  "13": {
    "a": -94,
    "b": 83,
    "c": -88,
    "result": null
  },
  "14": {
    "a": 87,
    "b": 81,
    "c": 32,
    "result": null
  },
  "15": {
    "a": -49,
    "b": 97,
    "c": 14,
    "result": [
      -0.1351086312416168,
      2.1147004679763106
    ]
  },
  "16": {
    "a": -39,
    "b": 14,
    "c": -91,
    "result": null
  },
  "17": {
    "a": 13,
    "b": -46,
    "c": -11,
    "result": [
      3.7633048302793415,
      -0.2248432918178032
    ]
  },
  "18": {
    "a": 37,
    "b": 18,
    "c": 44,
    "result": null
  },
  "19": {
    "a": 20,
    "b": -95,
    "c": 24,
    "result": [
      4.482279051288652,
      0.2677209487113483
    ]
  },
  "20": {
    "a": 3,
    "b": -57,
    "c": -60,
    "result": [
      20.0,
      -1.0
    ]
  },
  "21": {
    "a": -57,
    "b": -39,
    "c": -39,
    "result": null
  },
  "22": {
    "a": -62,
    "b": -28,
    "c": -81,
    "result": null
  },
  "23": {
    "a": -56,
    "b": -66,
    "c": -3,
    "result": [
      -1.1312139609104828,
      -0.04735746766094578
    ]
  },
  "24": {
    "a": 38,
    "b": -83,
    "c": -62,
    "result": [
      2.772662567502378,
      -0.5884520411865883
    ]
  },
  "25": {
    "a": -20,
    "b": 45,
    "c": -28,
    "result": null
  },
  "26": {
    "a": 54,
    "b": 28,
    "c": 5,
    "result": null
  },
  "27": {
    "a": 8,
    "b": -73,
    "c": 38,
    "result": [
      8.570792186205992,
      0.554207813794009
    ]
  },
  "28": {
    "a": 48,
    "b": 46,
    "c": -60,
    "result": [
      0.7372217147495833,
      -1.6955550480829167
    ]
  },
  "29": {
    "a": -28,
    "b": 11,
    "c": -31,
    "result": null
  },
  "30": {
    "a": 97,
    "b": 68,
    "c": -41,
    "result": [
      0.38809235002465853,
      -1.08912327785971
    ]
  },
  "31": {
    "a": 65,
    "b": -73,
    "c": 29,
    "result": null
  },
  "32": {
    "a": 60,
    "b": -4,
    "c": 54,
    "result": null
  },
  "33": {
    "a": -28,
    "b": 42,
    "c": 44,
    "result": [
      -0.7107972383012543,
      2.210797238301254
    ]
  },
  "34": {
    "a": 66,
    "b": 29,
    "c": 91,
    "result": null
  },
  "35": {
    "a": 14,
    "b": -19,
    "c": 42,
    "result": null
  },
  "36": {
    "a": 96,
    "b": -86,
    "c": -33,
    "result": [
      1.1857373361235326,
      -0.2899040027901993
    ]
  },
  "37": {
    "a": -55,
    "b": -19,
    "c": 20,
    "result": [
      -0.8,
      0.45454545454545453
    ]
  },
  "38": {
    "a": 48,
    "b": -38,
    "c": 5,
    "result": [
      0.625,
      0.16666666666666666
    ]
  },
  "39": {
    "a": 30,
    "b": 10,
    "c": 29,
    "result": null
  },
  "40": {
    "a": 23,
    "b": 55,
    "c": 56,
    "result": null
  },
  "41": {
    "a": -23,
    "b": 94,
    "c": 48,
    "result": [
      -0.4590724228101148,
      4.546028944549246
    ]
  },
  "42": {
    "a": 97,
    "b": 79,
    "c": -73,
    "result": [
      0.5511167422187466,
      -1.3655497319094683
    ]
  },
  "43": {
    "a": -57,
    "b": 23,
    "c": -80,
    "result": null
  },
  "44": {
    "a": -31,
    "b": 19,
    "c": 29,
    "result": [
      -0.7081401582139711,
      1.3210433840204228
    ]
  },
  "45": {
    "a": -70,
    "b": 57,
    "c": 29,
    "result": [
      -0.35446794924591996,
      1.1687536635316342
    ]
  },
  "46": {
    "a": 43,
    "b": -10,
    "c": 65,
    "result": null
  },
  "47": {
    "a": -27,
    "b": -69,
    "c": -76,
    "result": null
  },
  "48": {
    "a": 33,
    "b": 15,
    "c": -80,
    "result": [
      1.346225069613054,
      -1.8007705241585086
    ]
  },
  "49": {
    "a": -44,
    "b": -67,
    "c": 61,
    "result": [
      -2.1635184862787575,
      0.6407912135514848
    ]
  }
}